{"cameraMode":{"drawMode":0,"name":"Shaded","section":"Shading Mode"},"sceneLighting":true,"audioPlay":false,"sceneViewState":{"m_AlwaysRefresh":false,"showFog":true,"showSkybox":true,"showFlares":true,"showImageEffects":true,"showParticleSystems":true,"showVisualEffectGraphs":true,"m_FxEnabled":true},"in2DMode":false,"pivot":{"x":-2.2332606315612795,"y":1.4849588871002198,"z":-1.8090894222259522},"rotation":{"x":-0.2020484209060669,"y":0.6404796838760376,"z":-0.18268395960330964,"w":-0.7173870205879211},"size":0.11013577878475189,"orthographic":false}