{"cameraMode":{"drawMode":0,"name":"Shaded","section":"Shading Mode"},"sceneLighting":true,"audioPlay":false,"sceneViewState":{"m_AlwaysRefresh":false,"showFog":true,"showSkybox":true,"showFlares":true,"showImageEffects":true,"showParticleSystems":true,"showVisualEffectGraphs":true,"m_FxEnabled":true},"in2DMode":false,"pivot":{"x":-4.950294494628906,"y":8.516647338867188,"z":-13.080883979797364},"rotation":{"x":-0.13461235165596009,"y":0.00002984025195473805,"z":0.0002828879514709115,"w":-0.9909754395484924},"size":0.7348195314407349,"orthographic":false}