{"cameraMode":{"drawMode":0,"name":"Shaded","section":"Shading Mode"},"sceneLighting":true,"audioPlay":false,"sceneViewState":{"m_AlwaysRefresh":false,"showFog":true,"showSkybox":true,"showFlares":true,"showImageEffects":true,"showParticleSystems":true,"showVisualEffectGraphs":true,"m_FxEnabled":true},"in2DMode":false,"pivot":{"x":-0.5696882605552673,"y":0.24991166591644288,"z":2.5167696475982668},"rotation":{"x":-0.0002821270318236202,"y":0.9954012036323547,"z":-0.09585366398096085,"w":-0.0029875210020691158},"size":0.35891491174697878,"orthographic":false}