{"cameraMode":{"drawMode":0,"name":"Shaded","section":"Shading Mode"},"sceneLighting":true,"audioPlay":false,"sceneViewState":{"m_AlwaysRefresh":false,"showFog":true,"showSkybox":true,"showFlares":true,"showImageEffects":true,"showParticleSystems":true,"showVisualEffectGraphs":true,"m_FxEnabled":true},"in2DMode":false,"pivot":{"x":-0.006448938976973295,"y":-0.7617198824882507,"z":-18.45823860168457},"rotation":{"x":0.12108331173658371,"y":-0.8632932305335999,"z":0.2536143660545349,"w":0.4180881381034851},"size":2.863786220550537,"orthographic":false}