{"cameraMode":{"drawMode":0,"name":"Shaded","section":"Shading Mode"},"sceneLighting":true,"audioPlay":false,"sceneViewState":{"m_AlwaysRefresh":false,"showFog":true,"showSkybox":true,"showFlares":true,"showImageEffects":true,"showParticleSystems":true,"showVisualEffectGraphs":true,"m_FxEnabled":true},"in2DMode":false,"pivot":{"x":2.480023145675659,"y":0.29564136266708376,"z":-11.63917350769043},"rotation":{"x":-0.025475457310676576,"y":0.0017399924108758569,"z":0.0008878755616024137,"w":0.9992141127586365},"size":1.4450517892837525,"orthographic":false}