{"cameraMode":{"drawMode":0,"name":"Shaded","section":"Shading Mode"},"sceneLighting":true,"audioPlay":false,"sceneViewState":{"m_AlwaysRefresh":false,"showFog":true,"showSkybox":true,"showFlares":true,"showImageEffects":true,"showParticleSystems":true,"showVisualEffectGraphs":true,"m_FxEnabled":true},"in2DMode":false,"pivot":{"x":-1886.2735595703125,"y":811.5994262695313,"z":38.085575103759769},"rotation":{"x":0.14888601005077363,"y":0.5672894716262817,"z":-0.10517032444477081,"w":0.8030925393104553},"size":161.39817810058595,"orthographic":false}