{"cameraMode":{"drawMode":0,"name":"Shaded","section":"Shading Mode"},"sceneLighting":true,"audioPlay":false,"sceneViewState":{"m_AlwaysRefresh":false,"showFog":true,"showSkybox":true,"showFlares":true,"showImageEffects":true,"showParticleSystems":true,"showVisualEffectGraphs":true,"m_FxEnabled":true},"in2DMode":false,"pivot":{"x":1.7914937734603882,"y":-1.0804893970489503,"z":-14.018450736999512},"rotation":{"x":0.11880116164684296,"y":0.8586391806602478,"z":-0.22895139455795289,"w":0.44192028045654299},"size":4.779337406158447,"orthographic":false}