{"cameraMode":{"drawMode":0,"name":"Shaded","section":"Shading Mode"},"sceneLighting":true,"audioPlay":false,"sceneViewState":{"m_AlwaysRefresh":false,"showFog":true,"showSkybox":true,"showFlares":true,"showImageEffects":true,"showParticleSystems":true,"showVisualEffectGraphs":true,"m_FxEnabled":true},"in2DMode":false,"pivot":{"x":-1.271613597869873,"y":5.2280354499816898,"z":3.4869797229766847},"rotation":{"x":-0.007850964553654194,"y":0.8431794047355652,"z":-0.536903977394104,"w":-0.01314501278102398},"size":0.5636024475097656,"orthographic":false}