{"cameraMode":{"drawMode":0,"name":"Shaded","section":"Shading Mode"},"sceneLighting":true,"audioPlay":false,"sceneViewState":{"m_AlwaysRefresh":false,"showFog":true,"showSkybox":true,"showFlares":true,"showImageEffects":true,"showParticleSystems":true,"showVisualEffectGraphs":true,"m_FxEnabled":true},"in2DMode":false,"pivot":{"x":0.16461420059204102,"y":4.599277019500732,"z":2.876296281814575},"rotation":{"x":-0.09306341409683228,"y":0.8663649559020996,"z":-0.45483896136283877,"w":-0.18187904357910157},"size":0.6826785802841187,"orthographic":false}