{"cameraMode":{"drawMode":0,"name":"Shaded","section":"Shading Mode"},"sceneLighting":true,"audioPlay":false,"sceneViewState":{"m_AlwaysRefresh":false,"showFog":true,"showSkybox":true,"showFlares":true,"showImageEffects":true,"showParticleSystems":true,"showVisualEffectGraphs":true,"m_FxEnabled":true},"in2DMode":false,"pivot":{"x":-1.0216341018676758,"y":0.7679322957992554,"z":2.937408924102783},"rotation":{"x":-0.004903251305222511,"y":-0.9872812628746033,"z":0.15525361895561219,"w":-0.0077491202391684059},"size":0.866025447845459,"orthographic":false}