{"cameraMode":{"drawMode":0,"name":"Shaded","section":"Shading Mode"},"sceneLighting":true,"audioPlay":false,"sceneViewState":{"m_AlwaysRefresh":false,"showFog":true,"showSkybox":true,"showFlares":true,"showImageEffects":true,"showParticleSystems":true,"showVisualEffectGraphs":true,"m_FxEnabled":true},"in2DMode":false,"pivot":{"x":-3.5937130451202394,"y":1.4426331520080567,"z":0.033749550580978397},"rotation":{"x":-0.1435466855764389,"y":-0.7224565148353577,"z":0.15707069635391236,"w":-0.6572723388671875},"size":0.5415012836456299,"orthographic":false}