{"cameraMode":{"drawMode":0,"name":"Shaded","section":"Shading Mode"},"sceneLighting":true,"audioPlay":false,"sceneViewState":{"m_AlwaysRefresh":false,"showFog":true,"showSkybox":true,"showFlares":true,"showImageEffects":true,"showParticleSystems":true,"showVisualEffectGraphs":true,"m_FxEnabled":true},"in2DMode":false,"pivot":{"x":-0.5299997329711914,"y":0.31841182708740237,"z":3.7170000076293947},"rotation":{"x":0.30169060826301577,"y":0.5858191847801209,"z":-0.24447430670261384,"w":0.7106302976608276},"size":12.12435531616211,"orthographic":false}