{"cameraMode":{"drawMode":0,"name":"Shaded","section":"Shading Mode"},"sceneLighting":true,"audioPlay":false,"sceneViewState":{"m_AlwaysRefresh":false,"showFog":true,"showSkybox":true,"showFlares":true,"showImageEffects":true,"showParticleSystems":true,"showVisualEffectGraphs":true,"m_FxEnabled":true},"in2DMode":false,"pivot":{"x":0.048999786376953128,"y":1.9540002346038819,"z":0.23400020599365235},"rotation":{"x":-0.11662068217992783,"y":0.7556909918785095,"z":-0.14009860157966615,"w":-0.6290541887283325},"size":12.12435531616211,"orthographic":false}