{"cameraMode":{"drawMode":0,"name":"Shaded","section":"Shading Mode"},"sceneLighting":true,"audioPlay":false,"sceneViewState":{"m_AlwaysRefresh":false,"showFog":true,"showSkybox":true,"showFlares":true,"showImageEffects":true,"showParticleSystems":true,"showVisualEffectGraphs":true,"m_FxEnabled":true},"in2DMode":false,"pivot":{"x":5.013000011444092,"y":0.25099998712539675,"z":1.1929999589920045},"rotation":{"x":-0.27827051281929018,"y":0.6701928973197937,"z":-0.3052413761615753,"w":-0.6158722639083862},"size":0.11013577878475189,"orthographic":false}